Customer_ID,First_Name,Last_Name,Email,Signup_Date,Last_Login,Subscription_Type,Usage_Hours,Support_Tickets,Dropped_Off
692,Karylin,Walwood,kwalwoodj7@aol.com,07-12-2024,08-01-2024,Basic,345,6,TRUE
696,Tarah,Heggs,theggsjb@nature.com,19-09-2024,09-01-2024,Free,33,1,TRUE
853,Ruthy,Marjanski,rmarjanskino@typepad.com,22-03-2025,09-01-2024,Basic,164,1,TRUE
674,Barnie,Almon,balmonip@yellowpages.com,25-10-2024,10-01-2024,Free,189,8,FALSE
691,Alonzo,McClean,amccleanj6@unicef.org,12-07-2025,10-01-2024,Premium,383,7,FALSE
884,Rici,Stinson,rstinsonoj@bloglovin.com,12-05-2025,10-01-2024,Premium,1,0,FALSE
916,Cobby,Clews,cclewspf@dagondesign.com,19-09-2024,10-01-2024,Basic,384,3,FALSE
217,Christin,Lownsbrough,clownsbrough60@earthlink.net,27-10-2024,11-01-2024,Free,222,2,FALSE
230,Tamar,Lauks,tlauks6d@cmu.edu,24-04-2025,11-01-2024,Free,84,3,TRUE
424,Hephzibah,Ebourne,hebournebr@foxnews.com,31-01-2025,11-01-2024,Premium,493,4,FALSE
520,Kasey,Renneke,krennekeef@forbes.com,21-06-2025,11-01-2024,Basic,264,9,FALSE
668,Janelle,MacRury,jmacruryij@samsung.com,29-12-2024,11-01-2024,Basic,325,0,TRUE
967,Sharline,Gomm,sgommqu@diigo.com,06-11-2024,11-01-2024,Free,366,2,TRUE
744,Lynsey,Benza,lbenzakn@state.gov,16-03-2025,12-01-2024,Basic,96,2,TRUE
869,Lita,Dies,ldieso4@squarespace.com,21-09-2024,12-01-2024,Basic,455,10,TRUE
873,Frazier,Vahl,fvahlo8@usgs.gov,14-02-2025,12-01-2024,Premium,304,6,TRUE
950,Phylis,Wessel,pwesselqd@i2i.jp,29-07-2024,12-01-2024,Premium,164,8,TRUE
35,Alexio,Aleso,aalesoy@cyberchimps.com,22-07-2025,13-01-2024,Premium,400,5,TRUE
789,Federica,Divisek,fdiviseklw@google.pl,18-03-2025,13-01-2024,Basic,421,8,FALSE
498,Collen,Colgan,ccolgandt@ucoz.ru,06-09-2024,15-01-2024,Basic,226,5,TRUE
891,Alessandra,Ronchetti,aronchettioq@bloomberg.com,02-11-2024,16-01-2024,Free,138,2,FALSE
397,Jerome,Kuhwald,jkuhwaldb0@chron.com,15-12-2024,17-01-2024,Free,74,0,TRUE
506,Savina,Billingsley,sbillingsleye1@nba.com,11-06-2025,17-01-2024,Premium,292,10,FALSE
563,Jaye,Exell,jexellfm@oracle.com,01-03-2025,17-01-2024,Free,329,4,FALSE
614,Ariella,Sinnock,asinnockh1@t.co,03-06-2025,17-01-2024,Basic,323,2,TRUE
640,Peggy,Howchin,phowchinhr@dailymail.co.uk,26-08-2024,17-01-2024,Premium,488,5,TRUE
319,Aurore,Seear,aseear8u@cnn.com,23-06-2025,20-01-2024,Free,136,7,FALSE
585,Sutherland,Yitzovicz,syitzoviczg8@wikispaces.com,30-10-2024,21-01-2024,Premium,5,3,FALSE
658,Lu,Ulyet,lulyeti9@liveinternet.ru,29-09-2024,21-01-2024,Free,214,8,FALSE
870,Casper,Girkin,cgirkino5@multiply.com,28-02-2025,21-01-2024,Premium,456,10,FALSE
235,Nelia,Saintsbury,nsaintsbury6i@cornell.edu,07-06-2025,22-01-2024,Premium,310,3,FALSE
376,Alina,Slimings,aslimingsaf@yolasite.com,14-08-2024,22-01-2024,Basic,482,10,TRUE
556,Siffre,Yggo,syggoff@fda.gov,10-01-2025,22-01-2024,Free,138,9,TRUE
813,Ebonee,Brawley,ebrawleymk@myspace.com,16-12-2024,22-01-2024,Premium,263,5,TRUE
81,Rosetta,Askaw,raskaw28@utexas.edu,10-05-2025,23-01-2024,Basic,418,3,TRUE
162,Orrin,Gehrtz,ogehrtz4h@comcast.net,24-06-2025,24-01-2024,Premium,53,4,TRUE
457,Orlan,Bateup,obateupco@auda.org.au,02-03-2025,24-01-2024,Free,30,1,FALSE
582,Allina,Colclough,acolcloughg5@slashdot.org,22-12-2024,24-01-2024,Free,178,3,TRUE
731,Rosemary,Popov,rpopovka@icio.us,09-03-2025,24-01-2024,Free,258,7,FALSE
502,Jarred,Mincher,jmincherdx@un.org,10-04-2025,25-01-2024,Free,303,8,TRUE
160,Amandi,Bascombe,abascombe4f@bloomberg.com,30-11-2024,26-01-2024,Premium,287,7,TRUE
167,Frederica,Budgeon,fbudgeon4m@archive.org,10-07-2025,26-01-2024,Premium,238,4,FALSE
282,Salvidor,Gouth,sgouth7t@com.com,03-01-2025,26-01-2024,Premium,283,0,TRUE
513,Aymer,Henriques,ahenriquese8@furl.net,22-11-2024,26-01-2024,Free,136,8,FALSE
601,Gustave,Bradnocke,gbradnockego@sciencedirect.com,19-01-2025,26-01-2024,Free,13,7,TRUE
682,Patricio,Pegrum,ppegrumix@google.fr,18-05-2025,26-01-2024,Free,152,1,TRUE
324,Parsifal,Emery,pemery8z@gmpg.org,21-08-2024,27-01-2024,Basic,355,1,TRUE
510,Catherin,Shire,cshiree5@ibm.com,26-07-2024,27-01-2024,Basic,374,3,FALSE
831,Patsy,Castellini,pcastellinin2@scientificamerican.com,31-05-2025,27-01-2024,Basic,116,2,TRUE
900,Sashenka,Labrom,slabromoz@time.com,26-05-2025,28-01-2024,Premium,409,8,FALSE
787,Sara,Cowper,scowperlu@t-online.de,08-05-2025,29-01-2024,Premium,308,3,FALSE
193,Arlena,Booker,abooker5c@addthis.com,29-06-2025,30-01-2024,Premium,330,10,TRUE
337,Phip,Monteaux,pmonteaux9c@usa.gov,11-09-2024,08-02-2024,Free,439,7,FALSE
13,Sigrid,Frigout,sfrigoutc@google.de,16-04-2025,09-02-2024,Basic,94,9,TRUE
224,Conan,Robardey,crobardey67@weibo.com,04-12-2024,09-02-2024,Free,425,8,FALSE
225,Mylo,Attride,mattride68@cornell.edu,20-10-2024,09-02-2024,Basic,171,6,TRUE
848,Verena,Gocke,vgockenj@fotki.com,30-05-2025,09-02-2024,Premium,115,10,FALSE
918,Salomone,Crunkhorn,scrunkhornph@amazon.com,11-07-2025,09-02-2024,Basic,142,9,TRUE
945,Clare,Flaonier,cflaonierq8@shutterfly.com,17-03-2025,09-02-2024,Premium,21,10,TRUE
979,Inness,Witherbed,iwitherbedr6@google.cn,28-08-2024,09-02-2024,Premium,142,4,TRUE
613,Alexandre,Stillert,astillerth0@amazon.com,24-01-2025,10-02-2024,Free,352,10,FALSE
840,Milli,Yackiminie,myackiminienb@mediafire.com,17-04-2025,10-02-2024,Premium,431,8,FALSE
38,Kath,Gehrels,kgehrels11@elpais.com,27-07-2024,11-02-2024,Premium,257,3,TRUE
269,Sula,Gietz,sgietz7g@pen.io,04-06-2025,11-02-2024,Basic,292,4,TRUE
389,Rhodie,Mallender,rmallenderas@oakley.com,22-07-2025,11-02-2024,Free,491,10,TRUE
488,Lynnet,Brucker,lbruckerdj@psu.edu,03-09-2024,11-02-2024,Free,314,4,TRUE
503,Janice,Eringey,jeringeydy@feedburner.com,18-02-2025,11-02-2024,Free,298,10,FALSE
783,Kiersten,De Lisle,kdelislelq@tuttocitta.it,07-08-2024,11-02-2024,Premium,259,6,FALSE
48,Fabiano,Brierton,fbrierton1b@networkadvertising.org,20-08-2024,12-02-2024,Premium,202,3,FALSE
127,Skye,Pride,spride3i@last.fm,02-09-2024,12-02-2024,Premium,40,4,TRUE
303,Joletta,Bielfeldt,jbielfeldt8e@a8.net,01-05-2025,12-02-2024,Premium,485,9,TRUE
361,Johannes,Bemrose,jbemrosea0@webmd.com,15-12-2024,12-02-2024,Basic,187,10,FALSE
660,Oona,Mettrick,omettrickib@e-recht24.de,09-09-2024,12-02-2024,Basic,150,7,FALSE
686,Timofei,Ranald,tranaldj1@harvard.edu,16-10-2024,12-02-2024,Basic,32,6,TRUE
886,Godiva,Szimon,gszimonol@hugedomains.com,13-06-2025,12-02-2024,Premium,49,10,FALSE
940,Shannen,Haw,shawq3@ft.com,26-09-2024,12-02-2024,Free,376,1,FALSE
90,Simon,Taleworth,staleworth2h@ibm.com,09-09-2024,13-02-2024,Premium,154,5,TRUE
288,Nikkie,Rosengart,nrosengart7z@desdev.cn,17-04-2025,13-02-2024,Premium,351,0,FALSE
420,Stanislaw,Courage,scouragebn@lulu.com,04-09-2024,13-02-2024,Basic,195,10,TRUE
36,Bonni,Vesque,bvesquez@unicef.org,07-04-2025,14-02-2024,Basic,372,5,FALSE
145,Kent,Mathie,kmathie40@instagram.com,12-09-2024,14-02-2024,Basic,62,3,FALSE
412,Evangelia,Dabney,edabneybf@woothemes.com,16-01-2025,14-02-2024,Free,141,9,FALSE
936,Fulvia,Tattoo,ftattoopz@vimeo.com,23-02-2025,14-02-2024,Basic,275,9,FALSE
404,Carlyn,Speight,cspeightb7@yale.edu,15-05-2025,15-02-2024,Premium,54,2,TRUE
711,Karla,Mingey,kmingeyjq@simplemachines.org,28-08-2024,16-02-2024,Free,397,3,FALSE
912,Alfreda,Spray,aspraypb@t.co,11-04-2025,16-02-2024,Free,293,7,TRUE
68,Meriel,Chantrell,mchantrell1v@topsy.com,13-03-2025,17-02-2024,Basic,186,2,FALSE
616,Judi,Feaveer,jfeaveerh3@opera.com,18-10-2024,18-02-2024,Premium,431,6,FALSE
749,Libbie,Wick,lwickks@mozilla.org,12-07-2025,18-02-2024,Basic,230,8,TRUE
508,Clovis,Yann,cyanne3@bbc.co.uk,14-11-2024,19-02-2024,Free,383,2,TRUE
639,Florette,Wyleman,fwylemanhq@sourceforge.net,11-04-2025,19-02-2024,Premium,88,8,FALSE
655,Carree,Llewelly,cllewellyi6@princeton.edu,23-09-2024,19-02-2024,Premium,228,0,FALSE
723,Jeanne,Goodlet,jgoodletk2@paypal.com,26-11-2024,19-02-2024,Basic,431,1,TRUE
157,Boote,Grigolli,bgrigolli4c@hubpages.com,23-06-2025,20-02-2024,Free,253,9,FALSE
331,Imogen,McGirr,imcgirr96@deviantart.com,10-07-2025,22-02-2024,Premium,299,10,FALSE
152,Belvia,Patesel,bpatesel47@uiuc.edu,31-10-2024,23-02-2024,Basic,215,3,FALSE
411,Mehetabel,Leyban,mleybanbe@imdb.com,13-09-2024,23-02-2024,Free,115,8,TRUE
623,Alphonso,Paoletti,apaolettiha@woothemes.com,14-11-2024,23-02-2024,Premium,159,6,FALSE
334,Mayor,Ducker,mducker99@ehow.com,19-10-2024,24-02-2024,Basic,57,2,FALSE
141,Hilario,Infantino,hinfantino3w@prweb.com,24-12-2024,25-02-2024,Free,319,8,FALSE
232,Emery,Hundal,ehundal6f@histats.com,01-12-2024,25-02-2024,Free,151,1,TRUE
382,Bron,Carwithen,bcarwithenal@123-reg.co.uk,23-05-2025,25-02-2024,Premium,143,5,FALSE
593,Sherlocke,Matyasik,smatyasikgg@google.it,31-01-2025,25-02-2024,Basic,441,8,FALSE
594,Natalina,Nelius,nneliusgh@boston.com,22-06-2025,25-02-2024,Basic,19,0,TRUE
77,Odelle,Paolillo,opaolillo24@ox.ac.uk,10-05-2025,26-02-2024,Free,300,10,TRUE
440,Dena,Wakeford,dwakefordc7@godaddy.com,04-04-2025,26-02-2024,Basic,427,0,FALSE
824,Evonne,McKirton,emckirtonmv@cyberchimps.com,14-09-2024,26-02-2024,Free,63,2,TRUE
937,Sidney,Degli Abbati,sdegliabbatiq0@ihg.com,07-11-2024,26-02-2024,Basic,132,6,FALSE
985,Ramsey,Jancso,rjancsorc@bloomberg.com,13-06-2025,26-02-2024,Free,51,2,TRUE
58,Ginevra,Bick,gbick1l@narod.ru,14-08-2024,27-02-2024,Premium,68,4,TRUE
83,Nicola,Kupker,nkupker2a@networkadvertising.org,14-12-2024,27-02-2024,Free,341,5,FALSE
229,Benita,Haddrill,bhaddrill6c@unicef.org,06-07-2025,27-02-2024,Premium,388,9,TRUE
291,Welch,Threadgold,wthreadgold82@springer.com,22-02-2025,27-02-2024,Premium,318,0,TRUE
456,Frederik,Nugent,fnugentcn@hao123.com,10-06-2025,27-02-2024,Free,108,2,FALSE
752,Kelvin,Pusill,kpusillkv@nsw.gov.au,06-08-2024,28-02-2024,Basic,36,1,TRUE
965,Ado,Luther,alutherqs@aol.com,13-09-2024,28-02-2024,Free,118,10,FALSE
121,Ely,Beldum,ebeldum3c@cbslocal.com,07-04-2025,29-02-2024,Basic,13,5,TRUE
615,Matt,Iaduccelli,miaduccellih2@cam.ac.uk,17-04-2025,29-02-2024,Premium,128,3,TRUE
730,Philippa,Battlestone,pbattlestonek9@timesonline.co.uk,28-12-2024,29-02-2024,Premium,219,7,FALSE
792,Bella,Ladlow,bladlowlz@nytimes.com,04-09-2024,29-02-2024,Basic,386,3,TRUE
231,Nancey,Hammatt,nhammatt6e@nifty.com,20-04-2025,09-03-2024,Basic,73,9,FALSE
471,Wren,Ketch,wketchd2@flavors.me,24-11-2024,10-03-2024,Free,62,3,FALSE
675,Katrinka,Jansema,kjansemaiq@typepad.com,25-07-2024,10-03-2024,Premium,394,1,TRUE
757,Mercie,Cicco,mciccol0@businessweek.com,10-01-2025,10-03-2024,Basic,89,5,TRUE
933,Puff,Bolderstone,pbolderstonepw@yellowbook.com,13-12-2024,10-03-2024,Basic,482,3,TRUE
354,Hillery,Coyett,hcoyett9t@godaddy.com,28-10-2024,08-04-2024,Free,206,4,FALSE
580,Roxine,O'Cullen,roculleng3@artisteer.com,27-09-2024,08-04-2024,Basic,220,5,TRUE
685,Nancee,Sympson,nsympsonj0@plala.or.jp,31-08-2024,08-04-2024,Basic,310,5,FALSE
415,Norton,Lyne,nlynebi@epa.gov,27-06-2025,09-04-2024,Premium,82,1,FALSE
528,Colas,MacGahy,cmacgahyen@sphinn.com,17-02-2025,09-04-2024,Basic,312,3,TRUE
416,Leesa,MacShane,lmacshanebj@dmoz.org,24-01-2025,10-04-2024,Free,179,2,TRUE
428,Harland,Wilne,hwilnebv@symantec.com,26-04-2025,10-04-2024,Basic,243,5,TRUE
859,Denney,Scholling,dschollingnu@edublogs.org,07-08-2024,10-04-2024,Premium,141,0,TRUE
22,Ford,Packham,fpackhaml@w3.org,30-04-2025,11-04-2024,Premium,283,7,TRUE
39,Pegeen,Passby,ppassby12@imageshack.us,23-11-2024,08-05-2024,Premium,265,0,TRUE
172,Stevy,Alexis,salexis4r@edublogs.org,29-12-2024,08-05-2024,Free,379,4,TRUE
188,Kip,Druery,kdruery57@php.net,26-08-2024,08-05-2024,Premium,481,9,TRUE
321,Odelia,Easter,oeaster8w@fda.gov,15-01-2025,09-05-2024,Basic,491,5,FALSE
632,Barbee,Longshaw,blongshawhj@jiathis.com,27-10-2024,10-05-2024,Basic,499,0,TRUE
753,Gwen,Markson,gmarksonkw@hexun.com,21-12-2024,10-05-2024,Free,370,4,TRUE
938,Eilis,Sissland,esisslandq1@gnu.org,23-01-2025,10-05-2024,Basic,119,3,FALSE
459,Paton,Jansie,pjansiecq@webnode.com,17-07-2025,11-05-2024,Premium,455,8,TRUE
526,Jane,Jarry,jjarryel@elegantthemes.com,26-01-2025,11-05-2024,Basic,218,8,TRUE
540,Hansiain,Stenner,hstennerez@harvard.edu,23-01-2025,11-05-2024,Free,233,5,FALSE
656,Judi,Rolingson,jrolingsoni7@cam.ac.uk,28-03-2025,11-05-2024,Basic,215,0,FALSE
795,Nicky,Skoggings,nskoggingsm2@washington.edu,11-08-2024,11-05-2024,Free,170,10,TRUE
131,Valentine,Orcas,vorcas3m@timesonline.co.uk,06-05-2025,12-05-2024,Premium,160,10,FALSE
239,Daisey,Cornil,dcornil6m@noaa.gov,14-09-2024,12-05-2024,Premium,333,4,TRUE
729,Brett,Pickavant,bpickavantk8@ft.com,08-02-2025,12-05-2024,Free,195,7,TRUE
897,Norene,Duval,nduvalow@arizona.edu,03-05-2025,12-05-2024,Premium,424,7,TRUE
85,Gordan,Petrasek,gpetrasek2c@jiathis.com,17-03-2025,08-06-2024,Basic,400,5,TRUE
465,Cecile,Dunkerly,cdunkerlycw@nsw.gov.au,31-03-2025,08-06-2024,Basic,231,5,FALSE
222,Titos,Reasce,treasce65@plala.or.jp,07-01-2025,09-06-2024,Basic,400,9,TRUE
161,Lanni,Merrigan,lmerrigan4g@naver.com,19-09-2024,10-06-2024,Basic,291,3,FALSE
23,Chrysler,Wilcockes,cwilcockesm@tripadvisor.com,18-06-2025,11-06-2024,Basic,496,0,TRUE
194,Francene,Hartrick,fhartrick5d@opera.com,24-07-2024,11-06-2024,Premium,360,8,FALSE
264,Katey,Karlsen,kkarlsen7b@delicious.com,09-03-2025,11-06-2024,Basic,495,6,FALSE
318,Nelia,Brownsworth,nbrownsworth8t@berkeley.edu,23-11-2024,11-06-2024,Premium,395,6,TRUE
454,Obidiah,Abley,oableycl@webeden.co.uk,07-06-2025,11-06-2024,Free,119,0,TRUE
190,Tripp,Twycross,ttwycross59@fc2.com,22-01-2025,12-06-2024,Free,206,3,TRUE
575,Justus,Duncan,jduncanfy@google.com,27-10-2024,12-06-2024,Free,480,0,TRUE
719,Valene,Nicely,vnicelyjy@eventbrite.com,11-01-2025,12-06-2024,Basic,77,7,TRUE
59,Carolina,Dungey,cdungey1m@arizona.edu,23-07-2024,08-07-2024,Premium,319,10,TRUE
182,Clarisse,Kevern,ckevern51@sfgate.com,11-08-2024,09-07-2024,Free,316,7,FALSE
822,Claudianus,Bachellier,cbachelliermt@reverbnation.com,19-09-2024,09-07-2024,Free,307,5,FALSE
316,Shelly,Glayzer,sglayzer8r@istockphoto.com,03-03-2025,10-07-2024,Premium,241,3,TRUE
564,Cristen,Craghead,ccragheadfn@blogs.com,17-04-2025,10-07-2024,Free,457,7,FALSE
677,Maitilde,Fellow,mfellowis@uiuc.edu,01-08-2024,10-07-2024,Premium,260,2,FALSE
101,Kathleen,Lightollers,klightollers2s@imdb.com,08-12-2024,11-07-2024,Free,382,5,TRUE
482,Dot,Hailes,dhailesdd@businessweek.com,26-02-2025,11-07-2024,Premium,239,0,FALSE
748,Georgie,de Merida,gdemeridakr@gmpg.org,07-07-2025,11-07-2024,Basic,61,5,TRUE
573,Pepillo,Domeny,pdomenyfw@oracle.com,22-04-2025,12-07-2024,Free,117,2,FALSE
367,Myrvyn,Sell,msella6@mozilla.com,27-07-2024,23-07-2024,Premium,249,3,FALSE
501,Nat,Sunter,nsunterdw@myspace.com,20-12-2024,23-07-2024,Basic,185,3,FALSE
935,Tammie,Courage,tcouragepy@tripod.com,22-09-2024,23-07-2024,Premium,176,3,FALSE
27,Olivia,Briar,obriarq@tiny.cc,03-10-2024,25-07-2024,Free,69,4,FALSE
200,Florie,Olkowicz,folkowicz5j@jimdo.com,10-12-2024,26-07-2024,Premium,382,3,TRUE
352,Bab,Carnson,bcarnson9r@lycos.com,20-10-2024,26-07-2024,Premium,338,6,TRUE
544,Nollie,Fromant,nfromantf3@redcross.org,03-07-2025,26-07-2024,Basic,364,0,TRUE
872,Beret,Bizzey,bbizzeyo7@sitemeter.com,19-06-2025,26-07-2024,Premium,185,9,TRUE
977,Ysabel,Le land,ylelandr4@dell.com,25-06-2025,26-07-2024,Basic,24,2,FALSE
17,Nada,Halley,nhalleyg@newsvine.com,25-03-2025,27-07-2024,Premium,60,4,TRUE
915,Lianna,Petroff,lpetroffpe@odnoklassniki.ru,15-03-2025,27-07-2024,Free,463,0,FALSE
273,Isadora,Couronne,icouronne7k@blinklist.com,24-06-2025,28-07-2024,Basic,243,8,FALSE
307,Fifine,Lidbetter,flidbetter8i@nba.com,22-10-2024,28-07-2024,Basic,91,5,TRUE
599,Penn,Ragsdale,pragsdalegm@canalblog.com,21-10-2024,28-07-2024,Basic,63,3,TRUE
742,Paloma,Heighton,pheightonkl@gmpg.org,25-03-2025,28-07-2024,Free,137,4,TRUE
904,Joel,Giroldo,jgiroldop3@apple.com,02-01-2025,28-07-2024,Free,348,0,TRUE
833,Roxanne,Klampk,rklampkn4@dagondesign.com,16-01-2025,30-07-2024,Basic,273,7,TRUE
511,Anabel,Cookley,acookleye6@angelfire.com,02-12-2024,31-07-2024,Premium,414,10,FALSE
649,Terrye,Lambie,tlambiei0@naver.com,22-03-2025,31-07-2024,Basic,200,5,TRUE
889,Saba,De Pero,sdeperooo@guardian.co.uk,01-09-2024,31-07-2024,Basic,14,6,FALSE
76,Lidia,Drust,ldrust23@jalbum.net,19-12-2024,09-08-2024,Free,256,1,FALSE
140,Jerrie,Vassar,jvassar3v@dmoz.org,14-06-2025,09-08-2024,Premium,259,0,FALSE
775,Brand,Measen,bmeasenli@over-blog.com,20-11-2024,09-08-2024,Free,66,0,FALSE
949,Manfred,Grindlay,mgrindlayqc@epa.gov,27-09-2024,09-08-2024,Premium,232,8,TRUE
957,Mara,Panchin,mpanchinqk@smh.com.au,08-09-2024,10-08-2024,Basic,339,2,TRUE
56,Bengt,McKomb,bmckomb1j@infoseek.co.jp,23-10-2024,11-08-2024,Free,410,0,FALSE
717,Swen,Schwanden,sschwandenjw@pcworld.com,07-03-2025,11-08-2024,Free,79,3,TRUE
849,Mildrid,Kamiyama,mkamiyamank@statcounter.com,30-06-2025,11-08-2024,Basic,64,2,FALSE
902,Winona,Fricker,wfrickerp1@google.co.uk,11-08-2024,13-08-2024,Basic,370,6,FALSE
183,Kacey,Bostick,kbostick52@springer.com,03-09-2024,14-08-2024,Free,461,0,FALSE
387,Theodore,Doctor,tdoctoraq@scribd.com,09-06-2025,17-08-2024,Premium,357,0,FALSE
52,Pepito,Shields,pshields1f@chron.com,14-06-2025,18-08-2024,Premium,296,2,FALSE
289,Rolando,Braznell,rbraznell80@surveymonkey.com,02-08-2024,18-08-2024,Premium,344,7,TRUE
804,Douglass,Pinch,dpinchmb@bluehost.com,08-05-2025,18-08-2024,Premium,115,1,FALSE
537,Wilma,Le Houx,wlehouxew@opensource.org,12-02-2025,19-08-2024,Basic,310,9,TRUE
244,Marcello,Matteris,mmatteris6r@home.pl,29-05-2025,22-08-2024,Premium,477,6,TRUE
202,Marie-jeanne,Heald,mheald5l@xing.com,26-06-2025,23-08-2024,Free,270,5,TRUE
254,Moll,Hodgin,mhodgin71@earthlink.net,22-07-2025,23-08-2024,Free,331,0,TRUE
276,Tiena,Wynrehame,twynrehame7n@delicious.com,05-02-2025,23-08-2024,Free,199,6,FALSE
429,Teddi,Busain,tbusainbw@xinhuanet.com,20-08-2024,23-08-2024,Premium,22,8,TRUE
473,Dorelia,Halpine,dhalpined4@360.cn,30-12-2024,24-08-2024,Basic,418,3,TRUE
987,Winny,Coots,wcootsre@loc.gov,04-07-2025,26-08-2024,Basic,500,8,FALSE
212,Tilly,Cordingly,tcordingly5v@gmpg.org,19-06-2025,27-08-2024,Free,50,7,TRUE
710,May,Carlesso,mcarlessojp@angelfire.com,08-11-2024,27-08-2024,Basic,454,7,TRUE
962,Yorke,Bisp,ybispqp@cornell.edu,25-04-2025,27-08-2024,Basic,140,8,FALSE
43,Torre,Spavins,tspavins16@e-recht24.de,20-05-2025,31-08-2024,Free,308,5,TRUE
187,Leann,Stilgo,lstilgo56@engadget.com,02-01-2025,31-08-2024,Premium,430,9,FALSE
309,Jeanelle,O'Dulchonta,jodulchonta8k@mozilla.org,26-12-2024,31-08-2024,Basic,12,7,FALSE
351,Armstrong,Looney,alooney9q@hugedomains.com,09-01-2025,31-08-2024,Free,173,6,FALSE
523,Gaspar,Kelwaybamber,gkelwaybamberei@amazon.de,02-11-2024,31-08-2024,Premium,452,8,FALSE
241,Edin,Paprotny,epaprotny6o@hostgator.com,24-12-2024,08-09-2024,Free,476,0,FALSE
989,Annadiane,Been,abeenrg@cbslocal.com,05-09-2024,08-09-2024,Free,77,3,FALSE
515,Isaak,Malafe,imalafeea@people.com.cn,03-03-2025,10-09-2024,Free,114,3,FALSE
536,Kimball,Ellph,kellphev@businessinsider.com,29-09-2024,10-09-2024,Free,202,0,TRUE
959,Belicia,Loyns,bloynsqm@github.com,19-07-2025,10-09-2024,Free,480,6,FALSE
629,Sanson,Baumber,sbaumberhg@independent.co.uk,06-12-2024,11-09-2024,Free,274,1,FALSE
952,Ophelie,Revelle,orevelleqf@nps.gov,10-04-2025,11-09-2024,Premium,396,0,FALSE
400,Karlie,Jaskowicz,kjaskowiczb3@uiuc.edu,27-06-2025,12-09-2024,Premium,342,2,FALSE
305,Sancho,Gaspero,sgaspero8g@slate.com,30-10-2024,13-09-2024,Premium,316,4,TRUE
284,Patrice,Vasic,pvasic7v@flickr.com,27-04-2025,14-09-2024,Free,28,3,FALSE
476,Jory,Bowler,jbowlerd7@skyrock.com,02-12-2024,14-09-2024,Premium,441,3,TRUE
763,Lucine,Maylard,lmaylardl6@yolasite.com,29-01-2025,14-09-2024,Free,209,4,TRUE
845,Xaviera,Jachtym,xjachtymng@i2i.jp,14-02-2025,14-09-2024,Basic,318,1,FALSE
158,Melita,Grigor,mgrigor4d@sourceforge.net,16-08-2024,17-09-2024,Basic,213,4,FALSE
743,Matilde,Tolerton,mtolertonkm@about.com,13-12-2024,17-09-2024,Basic,67,4,TRUE
561,Ashton,Garman,agarmanfk@irs.gov,24-06-2025,18-09-2024,Premium,17,10,TRUE
21,Kristina,Roark,kroarkk@hhs.gov,07-11-2024,19-09-2024,Premium,0,9,FALSE
242,Wilbur,Tremblay,wtremblay6p@slideshare.net,20-12-2024,19-09-2024,Premium,147,8,FALSE
135,Issi,Witchard,iwitchard3q@imdb.com,27-03-2025,21-09-2024,Basic,45,9,TRUE
552,Aileen,Bleas,ableasfb@cocolog-nifty.com,26-05-2025,21-09-2024,Basic,31,6,FALSE
828,Carole,Lennie,clenniemz@shinystat.com,19-06-2025,21-09-2024,Free,312,7,FALSE
181,Cary,Dwine,cdwine50@webeden.co.uk,27-01-2025,22-09-2024,Premium,113,2,FALSE
468,Josias,Roarty,jroartycz@homestead.com,29-06-2025,22-09-2024,Premium,395,3,TRUE
842,Colin,Hundall,chundallnd@imgur.com,13-02-2025,22-09-2024,Basic,366,4,TRUE
500,Sonnnie,Gibbeson,sgibbesondv@google.com.hk,15-09-2024,23-09-2024,Premium,192,3,TRUE
603,Feliza,MacColl,fmaccollgq@e-recht24.de,17-12-2024,23-09-2024,Free,282,8,FALSE
103,Cornelius,Paur,cpaur2u@ihg.com,09-11-2024,24-09-2024,Free,460,4,TRUE
143,Wake,Placstone,wplacstone3y@google.com.au,16-07-2025,24-09-2024,Basic,130,6,FALSE
221,Martie,Ivanov,mivanov64@spiegel.de,22-06-2025,24-09-2024,Free,379,2,TRUE
740,Westleigh,Canadine,wcanadinekj@multiply.com,20-06-2025,24-09-2024,Free,353,2,TRUE
210,Lizabeth,Ridolfi,lridolfi5t@exblog.jp,16-11-2024,25-09-2024,Basic,457,9,TRUE
248,Julietta,Gready,jgready6v@ihg.com,22-02-2025,25-09-2024,Premium,320,10,FALSE
554,Willa,Popley,wpopleyfd@yahoo.co.jp,06-04-2025,25-09-2024,Premium,191,10,TRUE
572,Giacomo,Sumpton,gsumptonfv@instagram.com,04-07-2025,25-09-2024,Free,265,6,FALSE
981,Bancroft,Grelka,bgrelkar8@rediff.com,20-01-2025,25-09-2024,Free,190,6,FALSE
92,Gregory,McLafferty,gmclafferty2j@ftc.gov,31-01-2025,26-09-2024,Premium,246,2,FALSE
650,Tab,Werrett,twerretti1@storify.com,18-08-2024,26-09-2024,Basic,114,4,TRUE
704,Hilda,Dwelley,hdwelleyjj@photobucket.com,11-06-2025,26-09-2024,Basic,321,0,FALSE
864,Sabine,Ricciardelli,sricciardellinz@slate.com,28-12-2024,26-09-2024,Free,165,5,FALSE
968,Amy,Ponceford,aponcefordqv@accuweather.com,12-04-2025,26-09-2024,Basic,180,0,TRUE
18,Staffard,Piatkow,spiatkowh@cnbc.com,27-01-2025,27-09-2024,Free,41,2,TRUE
175,Allix,Linn,alinn4u@europa.eu,26-12-2024,27-09-2024,Premium,72,0,FALSE
247,Robinia,Peckett,rpeckett6u@oakley.com,24-11-2024,27-09-2024,Basic,180,6,TRUE
330,Yurik,Rhyme,yrhyme95@list-manage.com,15-09-2024,27-09-2024,Basic,314,10,FALSE
425,Lisabeth,Klimentyev,lklimentyevbs@typepad.com,17-03-2025,28-09-2024,Basic,66,9,TRUE
661,Stephen,McManamen,smcmanamenic@clickbank.net,02-08-2024,28-09-2024,Premium,331,2,TRUE
671,Franni,Swanne,fswanneim@washingtonpost.com,06-12-2024,28-09-2024,Free,188,10,FALSE
666,Bertrand,Hunnicutt,bhunnicuttih@marriott.com,25-08-2024,29-09-2024,Free,338,1,TRUE
169,Yettie,Batkin,ybatkin4o@last.fm,06-06-2025,01-01-2025,Basic,402,5,FALSE
278,Sal,Lyburn,slyburn7p@Freewebs.com,20-09-2024,01-01-2025,Premium,178,1,TRUE
797,Stacie,Bellanger,sbellangerm4@jimdo.com,12-05-2025,01-01-2025,Premium,167,3,TRUE
858,Danna,Meaking,dmeakingnt@twitter.com,08-06-2025,01-01-2025,Basic,56,0,FALSE
45,Auria,Stellin,astellin18@hibu.com,11-12-2024,02-01-2025,Free,321,1,FALSE
570,Adria,De Vere,adevereft@time.com,19-03-2025,02-01-2025,Premium,495,8,TRUE
826,Ches,Paprotny,cpaprotnymx@jimdo.com,10-05-2025,02-01-2025,Free,256,8,FALSE
975,Berty,Engledow,bengledowr2@myspace.com,26-09-2024,02-01-2025,Free,185,2,TRUE
75,Avram,Skelding,askelding22@symantec.com,02-02-2025,03-01-2025,Free,179,10,FALSE
475,Skipper,Giacoppo,sgiacoppod6@springer.com,24-08-2024,03-01-2025,Basic,200,1,TRUE
577,Adda,Bumphrey,abumphreyg0@addtoany.com,17-09-2024,03-01-2025,Free,190,2,TRUE
598,Rhea,Berkery,rberkerygl@123-reg.co.uk,06-04-2025,03-01-2025,Premium,270,3,TRUE
778,Yolanthe,Mangham,ymanghamll@sitemeter.com,25-11-2024,03-01-2025,Basic,161,8,FALSE
906,Viola,Broader,vbroaderp5@printfriendly.com,01-10-2024,03-01-2025,Free,402,6,FALSE
119,Calvin,Boxhall,cboxhall3a@angelfire.com,25-01-2025,04-01-2025,Free,39,2,FALSE
272,Biron,Munden,bmunden7j@google.it,10-06-2025,04-01-2025,Free,351,4,FALSE
489,Maggee,Weafer,mweaferdk@slideshare.net,25-02-2025,04-01-2025,Free,454,1,TRUE
779,Egbert,Swidenbank,eswidenbanklm@samsung.com,01-01-2025,04-01-2025,Premium,248,6,FALSE
810,Rianon,Wychard,rwychardmh@columbia.edu,01-03-2025,04-01-2025,Free,108,2,FALSE
860,Pammie,Volet,pvoletnv@clickbank.net,02-10-2024,04-01-2025,Basic,377,7,FALSE
55,Andrus,Saltman,asaltman1i@google.fr,13-12-2024,05-01-2025,Free,305,6,TRUE
336,Diane-marie,Skoggins,dskoggins9b@wunderground.com,02-08-2024,05-01-2025,Premium,414,0,FALSE
512,Hyman,Norquay,hnorquaye7@buzzfeed.com,17-03-2025,05-01-2025,Basic,153,2,FALSE
777,Ilaire,Bilbery,ibilberylk@mail.ru,18-11-2024,05-01-2025,Premium,209,7,FALSE
887,Chandra,Bulward,cbulwardom@whitehouse.gov,11-01-2025,05-01-2025,Basic,137,6,TRUE
255,Gabrielle,Goodrich,ggoodrich72@zimbio.com,30-11-2024,06-01-2025,Basic,80,1,FALSE
444,Alika,Petrik,apetrikcb@artisteer.com,02-08-2024,06-01-2025,Basic,124,3,TRUE
362,Claudelle,Clarridge,cclarridgea1@google.com.hk,25-07-2024,07-01-2025,Free,89,9,TRUE
595,Mervin,Bealton,mbealtongi@g.co,15-02-2025,07-01-2025,Premium,320,6,TRUE
618,Dionne,Roose,drooseh5@msu.edu,13-01-2025,07-01-2025,Free,387,8,FALSE
876,Hammad,Capon,hcaponob@samsung.com,11-07-2025,07-01-2025,Free,278,6,TRUE
184,Marlon,Mundie,mmundie53@timesonline.co.uk,09-07-2025,13-01-2025,Premium,281,6,FALSE
370,Caldwell,Pigot,cpigota9@home.pl,28-07-2024,13-01-2025,Basic,283,10,FALSE
51,Marty,Charsley,mcharsley1e@gravatar.com,20-07-2025,14-01-2025,Premium,105,6,TRUE
259,Pearce,Klaessen,pklaessen76@geocities.jp,08-09-2024,14-01-2025,Premium,188,4,FALSE
844,Clementine,Gaine of England,cgaineofenglandnf@nifty.com,10-06-2025,14-01-2025,Premium,404,9,FALSE
1,Giuditta,Wheatman,gwheatman0@npr.org,29-09-2024,15-01-2025,Free,450,2,FALSE
986,Celene,Shillan,cshillanrd@arstechnica.com,27-09-2024,16-01-2025,Basic,343,6,FALSE
410,Talbert,Clewarth,tclewarthbd@ed.gov,15-04-2025,17-01-2025,Premium,23,10,FALSE
419,Mignonne,Andriss,mandrissbm@telegraph.co.uk,06-03-2025,17-01-2025,Basic,287,3,FALSE
484,Eduard,Negri,enegridf@sphinn.com,02-01-2025,17-01-2025,Basic,310,3,TRUE
74,Marvin,Grote,mgrote21@dion.ne.jp,13-02-2025,19-01-2025,Basic,44,7,TRUE
266,Michele,Shillaber,mshillaber7d@google.fr,11-02-2025,19-01-2025,Premium,147,2,TRUE
628,Lezlie,Cortez,lcortezhf@youtu.be,27-09-2024,19-01-2025,Free,98,3,FALSE
366,Eleanore,Beaglehole,ebeagleholea5@goo.gl,31-05-2025,20-01-2025,Free,193,0,FALSE
393,Annabell,Drains,adrainsaw@opensource.org,11-02-2025,20-01-2025,Premium,0,0,FALSE
946,Cassy,Reeman,creemanq9@tamu.edu,12-05-2025,20-01-2025,Premium,378,8,FALSE
209,Cloris,Regitz,cregitz5s@accuweather.com,23-10-2024,21-01-2025,Premium,366,3,TRUE
378,Venus,Quenby,vquenbyah@creativecommons.org,29-12-2024,21-01-2025,Premium,499,8,FALSE
679,Dottie,Stithe,dstitheiu@joomla.org,12-01-2025,22-01-2025,Premium,321,3,TRUE
414,Jarrid,Grzeskowski,jgrzeskowskibh@1und1.de,22-05-2025,25-01-2025,Basic,362,8,FALSE
504,Mufinella,Merkle,mmerkledz@ycombinator.com,30-09-2024,26-01-2025,Premium,45,4,TRUE
806,Abelard,Fessions,afessionsmd@tuttocitta.it,17-03-2025,27-01-2025,Basic,419,5,TRUE
885,Eloisa,Tomenson,etomensonok@rambler.ru,07-05-2025,27-01-2025,Free,76,6,FALSE
481,Arturo,Tomala,atomaladc@virginia.edu,15-07-2025,28-01-2025,Premium,245,2,TRUE
214,Fidole,Pettis,fpettis5x@gnu.org,22-05-2025,29-01-2025,Free,489,9,FALSE
421,Christy,Tinmouth,ctinmouthbo@sitemeter.com,20-05-2025,29-01-2025,Premium,446,6,TRUE
880,Natale,MacLaren,nmaclarenof@house.gov,05-09-2024,29-01-2025,Basic,495,2,FALSE
9,Benyamin,Ireland,bireland8@oaic.gov.au,14-10-2024,30-01-2025,Free,99,9,FALSE
287,Ewell,Elldred,eelldred7y@tinyurl.com,11-10-2024,30-01-2025,Premium,409,4,TRUE
592,Gayelord,Crotch,gcrotchgf@imageshack.us,14-02-2025,30-01-2025,Basic,230,3,FALSE
770,Forester,Raysdale,fraysdaleld@aol.com,14-03-2025,30-01-2025,Basic,83,4,FALSE
823,Adriena,Rubrow,arubrowmu@wp.com,08-10-2024,30-01-2025,Premium,487,8,TRUE
737,Alysia,Houlridge,ahoulridgekg@epa.gov,18-10-2024,31-01-2025,Basic,86,8,FALSE
80,Muhammad,Jeffryes,mjeffryes27@furl.net,21-10-2024,01-02-2025,Basic,279,0,TRUE
99,Jasmine,Ruppeli,jruppeli2q@craigslist.org,10-07-2025,01-02-2025,Free,492,0,TRUE
174,Cass,Drewery,cdrewery4t@github.io,25-04-2025,01-02-2025,Free,380,6,FALSE
533,Malissa,Fransman,mfransmanes@dell.com,01-01-2025,01-02-2025,Premium,410,7,TRUE
733,Kay,Petroselli,kpetrosellikc@bloomberg.com,14-04-2025,01-02-2025,Free,397,10,TRUE
820,Stanislaw,Levine,slevinemr@ucoz.ru,23-04-2025,01-02-2025,Premium,470,3,FALSE
951,Quentin,Fridlington,qfridlingtonqe@phpbb.com,02-05-2025,01-02-2025,Premium,127,10,TRUE
186,Penn,Kitchen,pkitchen55@g.co,11-08-2024,02-02-2025,Premium,363,6,TRUE
407,Christy,Luipold,cluipoldba@latimes.com,29-06-2025,02-02-2025,Basic,290,6,FALSE
738,Maxi,Fagge,mfaggekh@engadget.com,04-04-2025,02-02-2025,Premium,14,6,FALSE
126,Conrad,Lillegard,clillegard3h@xinhuanet.com,15-02-2025,03-02-2025,Basic,127,5,FALSE
377,Fenelia,Wilkison,fwilkisonag@opensource.org,04-05-2025,03-02-2025,Free,138,9,FALSE
562,Honoria,Godsafe,hgodsafefl@liveinternet.ru,15-06-2025,03-02-2025,Free,10,5,TRUE
197,Nicholas,Osmint,nosmint5g@google.ru,26-01-2025,04-02-2025,Free,137,7,TRUE
329,Evyn,Broader,ebroader94@sohu.com,03-12-2024,04-02-2025,Basic,54,8,TRUE
486,Nap,Veall,nvealldh@imdb.com,11-03-2025,04-02-2025,Basic,370,2,FALSE
811,Ariela,Carslaw,acarslawmi@nbcnews.com,30-04-2025,04-02-2025,Free,254,4,FALSE
812,Peggie,Austin,paustinmj@ovh.net,28-08-2024,04-02-2025,Free,230,0,FALSE
910,Beaufort,Tonnesen,btonnesenp9@youtu.be,09-08-2024,04-02-2025,Free,179,4,TRUE
944,Noach,Iddy,niddyq7@mozilla.com,09-08-2024,04-02-2025,Premium,384,6,TRUE
28,Anthea,Grizard,agrizardr@webs.com,23-01-2025,05-02-2025,Free,243,10,TRUE
265,Greta,Marham,gmarham7c@youtube.com,14-03-2025,06-02-2025,Premium,288,0,TRUE
270,Jennica,Mulheron,jmulheron7h@wiley.com,29-03-2025,06-02-2025,Basic,135,8,TRUE
295,Gracie,Odda,godda86@nbcnews.com,11-01-2025,07-02-2025,Premium,301,0,FALSE
627,Modestine,Garthland,mgarthlandhe@google.it,31-07-2024,07-02-2025,Basic,154,10,FALSE
990,Dorie,Bruniges,dbrunigesrh@arizona.edu,19-09-2024,07-02-2025,Basic,436,10,FALSE
992,Rikki,Winskill,rwinskillrj@discuz.net,03-03-2025,08-02-2025,Premium,34,3,TRUE
993,Nissie,Filyukov,nfilyukovrk@noaa.gov,18-10-2024,09-02-2025,Premium,336,8,TRUE
997,Ignacio,Dosdale,idosdalero@ted.com,12-08-2024,10-02-2025,Premium,226,8,FALSE
999,Dudley,Baraja,dbarajarq@Freewebs.com,27-11-2024,11-02-2025,Basic,75,8,FALSE
42,Lee,Feacham,lfeacham15@bravesites.com,16-09-2024,13-02-2025,Premium,198,0,TRUE
292,Joannes,Cullerne,jcullerne83@ca.gov,24-06-2025,13-02-2025,Basic,497,0,TRUE
863,Paco,Petigrew,ppetigrewny@github.io,01-02-2025,13-02-2025,Basic,375,5,FALSE
448,Cornelle,Lawranson,clawransoncf@behance.net,28-05-2025,14-02-2025,Free,114,9,FALSE
78,Pattin,Lemin,plemin25@stanford.edu,21-10-2024,17-02-2025,Premium,359,7,FALSE
237,Merci,Cofax,mcofax6k@dagondesign.com,18-05-2025,17-02-2025,Basic,31,10,FALSE
252,Ingaborg,Dat,idat6z@blogspot.com,07-02-2025,17-02-2025,Free,499,3,TRUE
583,Anatola,Caunt,acauntg6@springer.com,19-06-2025,18-02-2025,Premium,386,1,FALSE
917,Tandie,Seson,tsesonpg@smh.com.au,16-12-2024,18-02-2025,Basic,289,4,TRUE
94,Vania,Feige,vfeige2l@hhs.gov,06-06-2025,19-02-2025,Premium,87,0,TRUE
856,Beilul,Munnion,bmunnionnr@biglobe.ne.jp,10-05-2025,19-02-2025,Premium,315,6,FALSE
156,Roseann,Choppin,rchoppin4b@miibeian.gov.cn,10-12-2024,20-02-2025,Premium,443,5,FALSE
760,Ware,Boshard,wboshardl3@reference.com,24-06-2025,20-02-2025,Basic,278,9,FALSE
203,Candra,Nockles,cnockles5m@arizona.edu,06-04-2025,21-02-2025,Free,47,9,FALSE
497,Berenice,Gritten,bgrittends@wordpress.org,12-04-2025,21-02-2025,Free,312,10,FALSE
672,Christel,Jeayes,cjeayesin@about.me,03-01-2025,21-02-2025,Basic,485,9,TRUE
931,Naomi,Peasee,npeaseepu@shareasale.com,04-02-2025,21-02-2025,Free,12,2,TRUE
19,Jamie,O'Geaney,jogeaneyi@domainmarket.com,24-07-2024,22-02-2025,Free,413,10,FALSE
834,Lin,Adrienne,ladriennen5@fema.gov,17-12-2024,23-02-2025,Free,8,1,TRUE
439,Darby,Stoak,dstoakc6@webeden.co.uk,07-07-2025,24-02-2025,Free,79,0,FALSE
549,Sallie,Longland,slonglandf8@boston.com,14-02-2025,24-02-2025,Basic,348,8,FALSE
657,Doris,Alflatt,dalflatti8@redcross.org,11-03-2025,24-02-2025,Premium,426,9,TRUE
982,Lynsey,Mangan,lmanganr9@twitpic.com,12-03-2025,24-02-2025,Basic,186,5,FALSE
825,Wiley,Tumbridge,wtumbridgemw@aboutads.info,28-03-2025,25-02-2025,Premium,441,2,FALSE
173,Abraham,Shave,ashave4s@moonfruit.com,10-08-2024,26-02-2025,Premium,496,2,TRUE
773,Melania,Johnke,mjohnkelg@zdnet.com,16-05-2025,26-02-2025,Basic,290,7,TRUE
494,Herb,Liccardi,hliccardidp@disqus.com,05-08-2024,27-02-2025,Free,483,10,FALSE
861,Addison,Duckett,aduckettnw@posterous.com,28-06-2025,27-02-2025,Free,84,3,FALSE
328,Ninon,L' Estrange,nlestrange93@opera.com,25-08-2024,01-03-2025,Free,293,4,FALSE
107,Sarena,Zoren,szoren2y@mayoclinic.com,20-11-2024,02-03-2025,Basic,455,0,FALSE
772,Alleyn,Code,acodelf@wiley.com,08-12-2024,02-03-2025,Basic,482,0,FALSE
54,Wilhelmine,Vatini,wvatini1h@blogger.com,18-02-2025,04-03-2025,Premium,405,9,TRUE
208,Dominica,Faire,dfaire5r@samsung.com,08-06-2025,04-03-2025,Premium,46,7,TRUE
220,Ania,Thwaites,athwaites63@illinois.edu,10-04-2025,04-03-2025,Premium,462,3,FALSE
379,Horton,Ducket,hducketai@mac.com,27-12-2024,04-03-2025,Basic,457,0,FALSE
297,Rena,Cashley,rcashley88@shinystat.com,19-08-2024,05-03-2025,Basic,402,6,FALSE
606,Stevena,Benet,sbenetgt@tinypic.com,06-07-2025,06-03-2025,Free,444,9,TRUE
647,Cathrine,Ianitti,cianittihy@a8.net,03-10-2024,06-03-2025,Basic,195,4,TRUE
776,Debee,Bann,dbannlj@nsw.gov.au,01-10-2024,07-03-2025,Free,410,9,TRUE
132,Marybelle,Tofano,mtofano3n@google.fr,11-08-2024,13-03-2025,Premium,485,8,FALSE
236,Zachary,Sigward,zsigward6j@addthis.com,30-06-2025,13-03-2025,Premium,256,5,TRUE
670,Bale,Bignold,bbignoldil@amazon.de,30-04-2025,13-03-2025,Premium,167,6,TRUE
462,Kipper,Karleman,kkarlemanct@1688.com,17-07-2025,14-03-2025,Premium,285,4,TRUE
756,Rae,Maillard,rmaillardkz@theglobeandmail.com,06-12-2024,14-03-2025,Free,164,2,TRUE
491,Ardisj,Leithgoe,aleithgoedm@tinypic.com,25-03-2025,15-03-2025,Free,45,10,FALSE
648,Elset,Forgie,eforgiehz@sohu.com,19-01-2025,17-03-2025,Free,31,9,FALSE
683,Irving,Le Barre,ilebarreiy@state.tx.us,18-05-2025,17-03-2025,Free,163,10,TRUE
24,Alexandro,McWhorter,amcwhortern@amazon.com,02-04-2025,18-03-2025,Basic,282,5,TRUE
684,Farrah,Brafferton,fbraffertoniz@behance.net,11-07-2025,19-03-2025,Premium,321,2,FALSE
852,Emylee,Gilders,egildersnn@howstuffworks.com,15-10-2024,19-03-2025,Basic,185,0,FALSE
715,Briant,Brellin,bbrellinju@omniture.com,09-03-2025,20-03-2025,Free,167,3,FALSE
40,Morrie,Sexton,msexton13@telegraph.co.uk,12-10-2024,21-03-2025,Basic,6,8,TRUE
168,Merle,Balnaves,mbalnaves4n@mozilla.org,18-07-2025,21-03-2025,Premium,479,3,FALSE
164,Elvina,Kuhlen,ekuhlen4j@storify.com,29-11-2024,22-03-2025,Free,40,2,FALSE
571,Hayyim,Wildt,hwildtfu@godaddy.com,19-09-2024,22-03-2025,Premium,179,7,FALSE
611,Louise,Jaye,ljayegy@feedburner.com,05-01-2025,22-03-2025,Premium,57,3,FALSE
635,Staffard,Sogg,ssogghm@last.fm,11-05-2025,22-03-2025,Basic,137,10,FALSE
371,Renado,Malan,rmalanaa@webmd.com,14-11-2024,23-03-2025,Free,427,0,TRUE
901,Carmel,Thring,cthringp0@huffingtonpost.com,26-10-2024,23-03-2025,Free,89,8,TRUE
317,Elihu,McLenaghan,emclenaghan8s@google.com.br,08-04-2025,24-03-2025,Premium,236,4,FALSE
754,Adda,Ridett,aridettkx@feedburner.com,22-09-2024,24-03-2025,Premium,386,5,FALSE
355,Kaylee,Tschersich,ktschersich9u@latimes.com,05-06-2025,25-03-2025,Free,217,0,FALSE
610,Tudor,O'Lagene,tolagenegx@marketwatch.com,09-04-2025,25-03-2025,Premium,54,7,FALSE
32,Langsdon,Myton,lmytonv@istockphoto.com,25-09-2024,27-03-2025,Basic,359,7,TRUE
492,Bettina,Arrighetti,barrighettidn@washington.edu,16-08-2024,27-03-2025,Free,289,0,TRUE
707,Antonia,Damrel,adamreljm@hibu.com,24-04-2025,27-03-2025,Free,40,8,FALSE
10,Abbey,Ferber,aferber9@dion.ne.jp,05-05-2025,28-03-2025,Free,489,8,TRUE
299,Heinrick,Dunthorne,hdunthorne8a@Freewebs.com,01-12-2024,28-03-2025,Free,23,6,TRUE
643,Aviva,Soppit,asoppithu@cornell.edu,03-12-2024,28-03-2025,Premium,181,5,TRUE
973,Almire,Scotchmur,ascotchmurr0@globo.com,08-03-2025,28-03-2025,Basic,458,9,FALSE
71,Eldridge,Mapples,emapples1y@imgur.com,05-11-2024,29-03-2025,Basic,183,1,FALSE
256,Elset,FitzGeorge,efitzgeorge73@google.de,01-08-2024,29-03-2025,Premium,176,1,FALSE
788,Sean,Broggetti,sbroggettilv@163.com,28-04-2025,29-03-2025,Basic,208,8,TRUE
15,Lyndy,Spurden,lspurdene@cdbaby.com,08-03-2025,30-03-2025,Basic,214,4,TRUE
750,Gladi,Petschel,gpetschelkt@shop-pro.jp,29-07-2024,31-03-2025,Premium,318,3,TRUE
857,Angy,Arkwright,aarkwrightns@opera.com,03-06-2025,31-03-2025,Free,391,7,FALSE
903,Ilise,Gumery,igumeryp2@archive.org,16-04-2025,31-03-2025,Premium,128,10,FALSE
539,Kendricks,Lingley,klingleyey@smugmug.com,13-08-2024,02-04-2025,Free,155,0,FALSE
888,Nissa,Mussettini,nmussettinion@delicious.com,14-05-2025,02-04-2025,Free,26,5,FALSE
333,Beilul,Lamble,blamble98@weather.com,17-03-2025,03-04-2025,Free,272,1,FALSE
346,Enrique,Talmadge,etalmadge9l@oakley.com,25-04-2025,03-04-2025,Free,9,0,FALSE
517,Valerye,Pendle,vpendleec@amazon.com,11-07-2025,04-04-2025,Basic,2,6,FALSE
535,Ninon,Huthart,nhutharteu@prnewswire.com,01-03-2025,04-04-2025,Premium,363,1,FALSE
114,Roanne,Polin,rpolin35@hibu.com,09-05-2025,05-04-2025,Basic,416,4,TRUE
165,Cristina,Lindsell,clindsell4k@indiatimes.com,14-04-2025,05-04-2025,Basic,203,5,FALSE
199,Wilhelm,Blankley,wblankley5i@accuweather.com,24-02-2025,06-04-2025,Free,191,2,FALSE
64,Helyn,Weller,hweller1r@typepad.com,20-06-2025,13-04-2025,Free,279,5,FALSE
123,Vitoria,Costain,vcostain3e@berkeley.edu,09-05-2025,13-04-2025,Free,232,1,FALSE
455,Kalil,Terry,kterrycm@ning.com,24-09-2024,13-04-2025,Basic,366,8,TRUE
620,Merissa,D'Angeli,mdangelih7@yellowbook.com,20-01-2025,13-04-2025,Premium,42,2,FALSE
381,Zia,Bax,zbaxak@vk.com,23-09-2024,14-04-2025,Premium,282,2,FALSE
741,Oliy,Cockett,ocockettkk@wikispaces.com,29-03-2025,14-04-2025,Basic,400,5,TRUE
978,Cathee,Verlander,cverlanderr5@google.de,23-07-2024,14-04-2025,Premium,270,7,FALSE
86,Ibby,Kevern,ikevern2d@umich.edu,04-03-2025,15-04-2025,Free,259,5,TRUE
518,Idell,Pressland,ipresslanded@bbc.co.uk,15-09-2024,15-04-2025,Premium,447,2,FALSE
47,Matthus,Peskin,mpeskin1a@auda.org.au,18-06-2025,16-04-2025,Free,236,1,FALSE
211,Emlyn,Trippitt,etrippitt5u@theglobeandmail.com,01-04-2025,16-04-2025,Free,197,9,TRUE
298,Georgena,Gerard,ggerard89@time.com,10-09-2024,17-04-2025,Premium,20,8,TRUE
588,Dalt,Jorez,djorezgb@1688.com,30-11-2024,17-04-2025,Premium,226,9,FALSE
223,Kristoforo,McTrusty,kmctrusty66@posterous.com,30-06-2025,18-04-2025,Basic,119,3,TRUE
664,Kile,Norquay,knorquayif@nhs.uk,21-01-2025,18-04-2025,Free,334,6,TRUE
815,Kathrine,Bick,kbickmm@vinaora.com,20-12-2024,18-04-2025,Premium,311,9,FALSE
60,Margarette,Jarvie,mjarvie1n@samsung.com,22-11-2024,19-04-2025,Free,426,9,TRUE
233,Daveen,Smuth,dsmuth6g@blogtalkradio.com,15-08-2024,20-04-2025,Basic,210,1,TRUE
258,Anet,Christophersen,achristophersen75@rakuten.co.jp,20-03-2025,20-04-2025,Basic,194,2,FALSE
722,Sunny,MacIan,smaciank1@nih.gov,22-12-2024,20-04-2025,Premium,86,5,FALSE
909,Ilaire,Schirak,ischirakp8@gnu.org,17-08-2024,20-04-2025,Premium,100,4,TRUE
652,Arlene,Rumming,arummingi3@cam.ac.uk,19-08-2024,22-04-2025,Free,292,10,TRUE
718,Jennette,Croisier,jcroisierjx@webmd.com,18-03-2025,22-04-2025,Basic,153,9,TRUE
956,Fanchette,Volleth,fvollethqj@latimes.com,17-10-2024,22-04-2025,Free,68,7,TRUE
669,Dennet,Icke,dickeik@boston.com,18-01-2025,23-04-2025,Free,27,7,TRUE
769,Marie-ann,Ligertwood,mligertwoodlc@livejournal.com,29-03-2025,23-04-2025,Free,41,10,TRUE
529,Hilly,Hardy-Piggin,hhardypiggineo@reference.com,08-01-2025,24-04-2025,Free,425,1,FALSE
948,Lurette,Scade,lscadeqb@icq.com,10-11-2024,24-04-2025,Premium,488,7,FALSE
971,Padgett,Darbey,pdarbeyqy@dion.ne.jp,20-02-2025,24-04-2025,Premium,340,4,TRUE
818,Trudy,Staddon,tstaddonmp@un.org,19-01-2025,25-04-2025,Basic,216,7,TRUE
301,Charo,Bubbins,cbubbins8c@apache.org,13-09-2024,26-04-2025,Basic,206,4,FALSE
460,Ky,Featherstonehaugh,kfeatherstonehaughcr@nifty.com,20-06-2025,26-04-2025,Basic,340,2,FALSE
612,Lynnette,Gilhooly,lgilhoolygz@microsoft.com,06-04-2025,26-04-2025,Basic,454,6,FALSE
727,Zachary,Merigot,zmerigotk6@vinaora.com,23-08-2024,26-04-2025,Free,466,8,TRUE
113,Gavra,Dove,gdove34@loc.gov,04-03-2025,27-04-2025,Free,90,4,FALSE
205,Jessalin,Wyleman,jwyleman5o@furl.net,17-04-2025,28-04-2025,Free,323,3,FALSE
363,Tabby,Betser,tbetsera2@flickr.com,18-11-2024,28-04-2025,Basic,6,6,TRUE
835,Kristoforo,Josefs,kjosefsn6@guardian.co.uk,09-07-2025,28-04-2025,Free,191,1,TRUE
642,Roxie,De Atta,rdeattaht@webs.com,19-01-2025,29-04-2025,Premium,120,1,FALSE
855,Rickert,Whittek,rwhitteknq@discuz.net,28-09-2024,29-04-2025,Basic,207,2,TRUE
34,Deena,Housiaux,dhousiauxx@addtoany.com,16-01-2025,30-04-2025,Basic,282,3,TRUE
206,Dyanne,Chitham,dchitham5p@360.cn,05-09-2024,01-05-2025,Free,432,4,TRUE
243,Noam,Fishpond,nfishpond6q@about.com,10-06-2025,01-05-2025,Premium,205,8,FALSE
283,Gilles,Vannuchi,gvannuchi7u@unc.edu,18-03-2025,01-05-2025,Premium,16,0,TRUE
805,Charline,Bromfield,cbromfieldmc@miibeian.gov.cn,31-12-2024,01-05-2025,Free,374,9,TRUE
249,Tannie,Huson,thuson6w@ihg.com,04-01-2025,02-05-2025,Premium,314,8,FALSE
6,Cornelia,Bigland,cbigland5@ustream.tv,21-03-2025,04-05-2025,Basic,298,5,TRUE
65,Winifred,Melland,wmelland1s@seesaa.net,21-10-2024,04-05-2025,Basic,403,2,FALSE
559,Deeann,Zealander,dzealanderfi@networksolutions.com,19-01-2025,04-05-2025,Premium,484,9,FALSE
920,Magdalen,Dencs,mdencspj@stumbleupon.com,05-01-2025,04-05-2025,Basic,200,9,TRUE
53,Kyrstin,Trace,ktrace1g@uiuc.edu,04-09-2024,05-05-2025,Basic,111,5,TRUE
403,Cly,Scaddon,cscaddonb6@altervista.org,27-09-2024,05-05-2025,Free,327,7,FALSE
238,Nancee,Hallede,nhallede6l@webs.com,07-07-2025,06-05-2025,Free,487,1,TRUE
587,Myranda,Poundesford,mpoundesfordga@toplist.cz,18-12-2024,06-05-2025,Premium,68,3,FALSE
712,Millisent,McNabb,mmcnabbjr@sina.com.cn,07-04-2025,06-05-2025,Premium,462,9,FALSE
2,Antonie,Wimmers,awimmers1@fema.gov,28-01-2025,07-05-2025,Free,289,3,FALSE
96,Davon,Grindell,dgrindell2n@cnn.com,03-06-2025,07-05-2025,Free,385,5,FALSE
171,Rubie,Peddersen,rpeddersen4q@macromedia.com,12-12-2024,07-05-2025,Free,332,4,FALSE
368,Vern,Munden,vmundena7@miibeian.gov.cn,03-10-2024,07-05-2025,Free,92,9,FALSE
391,Skye,Aneley,saneleyau@wired.com,14-09-2024,07-05-2025,Premium,301,9,FALSE
546,Inez,Greatrex,igreatrexf5@woothemes.com,06-11-2024,07-05-2025,Basic,396,4,FALSE
568,Kacie,Siehard,ksiehardfr@list-manage.com,03-10-2024,07-05-2025,Basic,492,4,TRUE
228,Charmaine,Moger,cmoger6b@wordpress.com,28-06-2025,13-05-2025,Free,289,5,FALSE
452,Chico,Feeham,cfeehamcj@unc.edu,18-11-2024,13-05-2025,Free,381,10,TRUE
907,Sibylle,Gasparro,sgasparrop6@123-reg.co.uk,08-01-2025,13-05-2025,Basic,212,8,TRUE
3,Rice,Fumagalli,rfumagalli2@instagram.com,12-04-2025,14-05-2025,Premium,253,10,TRUE
553,Wit,Moiser,wmoiserfc@craigslist.org,04-11-2024,15-05-2025,Basic,357,2,TRUE
120,Saul,Twopenny,stwopenny3b@sbwire.com,15-12-2024,17-05-2025,Premium,220,5,FALSE
154,Hirsch,Raftery,hraftery49@wisc.edu,04-06-2025,17-05-2025,Premium,186,0,FALSE
438,Manda,Hambling,mhamblingc5@ibm.com,15-05-2025,17-05-2025,Premium,463,9,FALSE
809,Reggis,Foye,rfoyemg@jimdo.com,27-09-2024,18-05-2025,Basic,450,9,FALSE
720,Dyanne,Imlock,dimlockjz@flavors.me,20-08-2024,19-05-2025,Premium,190,4,TRUE
151,Nanette,Gritland,ngritland46@wix.com,21-06-2025,20-05-2025,Premium,287,5,TRUE
408,Zebedee,Blaskett,zblaskettbb@sakura.ne.jp,27-06-2025,20-05-2025,Free,447,9,TRUE
663,Ethelind,Meddows,emeddowsie@psu.edu,06-11-2024,21-05-2025,Basic,146,2,FALSE
263,Britta,Hedditeh,bhedditeh7a@accuweather.com,07-05-2025,22-05-2025,Basic,362,1,TRUE
516,Gasper,Tabbernor,gtabbernoreb@booking.com,07-10-2024,22-05-2025,Premium,301,5,FALSE
800,Ilysa,Collerd,icollerdm7@pinterest.com,06-05-2025,22-05-2025,Basic,50,1,FALSE
893,Elianore,Farens,efarensos@ycombinator.com,27-01-2025,22-05-2025,Premium,347,6,FALSE
37,Milka,Elner,melner10@yandex.ru,23-07-2024,23-05-2025,Free,294,8,FALSE
590,Andrey,Huckabe,ahuckabegd@pcworld.com,02-03-2025,24-05-2025,Premium,22,6,TRUE
551,Sigismond,Agnew,sagnewfa@mail.ru,10-12-2024,25-05-2025,Basic,78,10,FALSE
125,Gracie,Leyland,gleyland3g@google.com,24-07-2024,27-05-2025,Free,119,4,FALSE
357,Anatollo,Ortner,aortner9w@alibaba.com,05-11-2024,28-05-2025,Basic,344,4,TRUE
422,Kiersten,Bucknell,kbucknellbp@rakuten.co.jp,13-08-2024,28-05-2025,Premium,134,10,FALSE
939,Milissent,Gobourn,mgobournq2@bigcartel.com,30-07-2024,28-05-2025,Free,248,5,TRUE
755,Amble,Ferres,aferresky@google.es,13-11-2024,29-05-2025,Premium,37,10,FALSE
837,Elbertine,Taber,etabern8@meetup.com,13-05-2025,29-05-2025,Free,419,10,TRUE
348,Zuzana,Ketcher,zketcher9n@wix.com,09-01-2025,31-05-2025,Basic,180,7,TRUE
802,Marj,Ransfield,mransfieldm9@amazon.co.uk,17-12-2024,31-05-2025,Premium,201,7,FALSE
33,Clotilda,Boshard,cboshardw@springer.com,12-08-2024,01-06-2025,Basic,121,2,TRUE
390,Roseann,Francey,rfranceyat@cpanel.net,02-11-2024,01-06-2025,Free,106,1,TRUE
532,Andriana,Wethers,awetherser@51.la,21-11-2024,02-06-2025,Premium,153,4,TRUE
695,Astrix,Raffan,araffanja@jiathis.com,22-11-2024,02-06-2025,Basic,371,10,FALSE
608,Dion,Shankle,dshanklegv@booking.com,03-06-2025,03-06-2025,Basic,213,0,FALSE
708,Garner,Lean,gleanjn@domainmarket.com,22-04-2025,03-06-2025,Basic,139,5,TRUE
799,Stephenie,Gracewood,sgracewoodm6@eepurl.com,02-06-2025,04-06-2025,Free,223,4,FALSE
784,Carolin,Elkington,celkingtonlr@livejournal.com,08-01-2025,05-06-2025,Premium,176,5,TRUE
347,Leoline,Kauschke,lkauschke9m@parallels.com,08-03-2025,06-06-2025,Free,293,8,FALSE
543,Tracey,Espina,tespinaf2@prlog.org,04-06-2025,06-06-2025,Free,351,3,TRUE
794,Vick,Inkpin,vinkpinm1@fda.gov,29-03-2025,06-06-2025,Premium,383,10,FALSE
651,Georgy,Tristram,gtristrami2@stanford.edu,08-08-2024,13-06-2025,Basic,25,2,FALSE
678,Gonzalo,Drennan,gdrennanit@constantcontact.com,24-08-2024,13-06-2025,Basic,457,3,TRUE
688,Leanora,Heasley,lheasleyj3@macromedia.com,23-08-2024,13-06-2025,Basic,209,4,FALSE
953,Pryce,De Giorgis,pdegiorgisqg@smugmug.com,21-01-2025,13-06-2025,Premium,213,1,FALSE
969,Federico,Brass,fbrassqw@edublogs.org,10-01-2025,13-06-2025,Premium,388,8,FALSE
349,Rana,Bonifacio,rbonifacio9o@cafepress.com,22-11-2024,14-06-2025,Free,339,7,FALSE
388,Codie,Kilpatrick,ckilpatrickar@privacy.gov.au,23-03-2025,14-06-2025,Premium,124,6,TRUE
631,Minnie,Whaley,mwhaleyhi@netvibes.com,02-09-2024,14-06-2025,Basic,416,3,FALSE
890,Tirrell,Twigge,ttwiggeop@illinois.edu,23-02-2025,14-06-2025,Free,342,1,FALSE
128,Steffen,Dring,sdring3j@nyu.edu,12-11-2024,15-06-2025,Free,466,2,FALSE
274,Rubie,Fryer,rfryer7l@trellian.com,18-12-2024,15-06-2025,Free,315,5,TRUE
306,Talya,Hodgets,thodgets8h@discovery.com,30-03-2025,16-06-2025,Premium,245,1,TRUE
976,Field,Bulley,fbulleyr3@paypal.com,09-01-2025,16-06-2025,Premium,478,5,FALSE
246,Sollie,Domenicone,sdomenicone6t@ezinearticles.com,30-09-2024,17-06-2025,Free,492,1,TRUE
280,Madelon,Corona,mcorona7r@imgur.com,26-03-2025,17-06-2025,Free,186,5,FALSE
600,Cody,Murr,cmurrgn@dell.com,18-02-2025,17-06-2025,Premium,91,2,TRUE
392,Gwendolyn,Jedraszczyk,gjedraszczykav@nature.com,14-11-2024,18-06-2025,Free,90,6,FALSE
619,Elmore,Yellop,eyelloph6@weather.com,01-02-2025,19-06-2025,Free,186,5,TRUE
850,Janetta,Curthoys,jcurthoysnl@sina.com.cn,09-12-2024,19-06-2025,Basic,396,6,FALSE
545,Buddie,Fricker,bfrickerf4@canalblog.com,24-02-2025,20-06-2025,Basic,112,5,FALSE
761,Becka,Westgate,bwestgatel4@simplemachines.org,19-12-2024,20-06-2025,Free,349,4,TRUE
785,Niko,Earlam,nearlamls@berkeley.edu,13-06-2025,20-06-2025,Premium,334,2,FALSE
293,Minette,House,mhouse84@dyndns.org,08-02-2025,21-06-2025,Free,48,3,TRUE
433,Parke,O'Tuohy,potuohyc0@dedecms.com,06-11-2024,21-06-2025,Free,43,2,TRUE
110,Addia,Mabee,amabee31@baidu.com,24-05-2025,22-06-2025,Premium,15,5,FALSE
817,Sharlene,Norres,snorresmo@cnn.com,13-01-2025,22-06-2025,Basic,19,6,TRUE
150,Allayne,Pauer,apauer45@fotki.com,02-06-2025,23-06-2025,Basic,84,10,FALSE
380,Parrnell,Trumper,ptrumperaj@is.gd,05-06-2025,24-06-2025,Free,379,10,TRUE
928,Fanny,Rawstorne,frawstornepr@diigo.com,08-11-2024,24-06-2025,Basic,13,0,FALSE
216,Mollie,Bourcq,mbourcq5z@gov.uk,24-08-2024,25-06-2025,Basic,409,10,FALSE
427,Vevay,Melly,vmellybu@xing.com,30-11-2024,25-06-2025,Free,482,8,FALSE
122,Sanford,Island,sisland3d@netvibes.com,19-06-2025,27-06-2025,Free,29,3,TRUE
149,Wolf,Baggott,wbaggott44@answers.com,26-06-2025,27-06-2025,Premium,436,4,FALSE
801,Perkin,Mayte,pmaytem8@simplemachines.org,18-02-2025,27-06-2025,Premium,280,1,TRUE
286,Constance,Foxen,cfoxen7x@fc2.com,13-12-2024,28-06-2025,Basic,263,7,TRUE
846,Nelli,Fidgin,nfidginnh@virginia.edu,05-02-2025,28-06-2025,Free,8,8,FALSE
365,Zaccaria,Rontsch,zrontscha4@ask.com,26-04-2025,30-06-2025,Premium,90,6,FALSE
701,Abner,Denerley,adenerleyjg@ca.gov,31-01-2025,01-07-2025,Basic,227,10,FALSE
734,Brande,Daveridge,bdaveridgekd@ehow.com,15-11-2024,01-07-2025,Free,319,6,FALSE
451,Pandora,Hanster,phansterci@mayoclinic.com,18-03-2025,02-07-2025,Free,282,1,FALSE
878,Nicholas,Wagstaffe,nwagstaffeod@behance.net,30-01-2025,02-07-2025,Free,228,1,TRUE
923,Sibeal,Shearmer,sshearmerpm@telegraph.co.uk,15-08-2024,02-07-2025,Premium,47,1,TRUE
340,Layney,Crevy,lcrevy9f@usnews.com,02-03-2025,03-07-2025,Basic,412,0,FALSE
519,Hedi,Kerswell,hkerswellee@oakley.com,11-11-2024,03-07-2025,Premium,18,8,TRUE
702,Teddy,Cantillon,tcantillonjh@typepad.com,04-05-2025,03-07-2025,Basic,289,2,FALSE
865,Dre,Fulker,dfulkero0@usatoday.com,16-03-2025,03-07-2025,Basic,402,5,FALSE
253,Jesse,Pratley,jpratley70@sphinn.com,20-12-2024,04-07-2025,Premium,336,6,FALSE
375,Wake,Sprull,wsprullae@livejournal.com,03-01-2025,04-07-2025,Free,91,4,TRUE
541,Biddy,Bullerwell,bbullerwellf0@ebay.co.uk,02-10-2024,04-07-2025,Premium,258,8,TRUE
625,Kelley,todor,ktodorhc@digg.com,07-05-2025,04-07-2025,Basic,132,9,FALSE
144,Franz,Physick,fphysick3z@admin.ch,04-02-2025,05-07-2025,Basic,140,6,FALSE
308,Xylina,MacCathay,xmaccathay8j@msu.edu,02-09-2024,05-07-2025,Basic,303,8,TRUE
82,Elsi,Boddie,eboddie29@hibu.com,11-12-2024,06-07-2025,Free,37,0,TRUE
97,Bess,Wind,bwind2o@theglobeandmail.com,23-08-2024,06-07-2025,Basic,445,1,TRUE
771,Armstrong,Kulicke,akulickele@so-net.ne.jp,30-11-2024,06-07-2025,Basic,397,10,FALSE
728,Roarke,Youel,ryouelk7@google.co.jp,19-03-2025,07-07-2025,Basic,324,5,FALSE
180,Bourke,Collins,bcollins4z@globo.com,01-02-2025,13-07-2025,Premium,247,6,FALSE
207,Modestia,Sullens,msullens5q@blogspot.com,12-04-2025,14-07-2025,Premium,147,10,TRUE
705,Keriann,Heakey,kheakeyjk@g.co,01-05-2025,16-07-2025,Basic,200,7,TRUE
747,Taber,Haet,thaetkq@de.vu,14-02-2025,16-07-2025,Premium,180,10,TRUE
883,Maurene,Dorrell,mdorrelloi@eepurl.com,25-01-2025,16-07-2025,Premium,374,7,TRUE
447,Lita,Henrot,lhenrotce@hostgator.com,12-05-2025,17-07-2025,Basic,263,3,FALSE
638,Domingo,Marginson,dmarginsonhp@upenn.edu,12-06-2025,17-07-2025,Free,23,6,FALSE
780,Connor,Dreossi,cdreossiln@tmall.com,11-05-2025,17-07-2025,Premium,32,4,FALSE
896,Garrick,Gooda,ggoodaov@mlb.com,08-03-2025,17-07-2025,Premium,41,7,FALSE
633,Sophia,Pippard,spippardhk@yahoo.co.jp,26-05-2025,19-07-2025,Basic,140,3,TRUE
791,Martainn,Fryd,mfrydly@nyu.edu,12-03-2025,20-07-2025,Basic,228,3,TRUE
943,Ralina,Dey,rdeyq6@archive.org,01-01-2025,20-07-2025,Free,328,7,FALSE
49,Frederico,Rosenbush,frosenbush1c@slashdot.org,17-09-2024,21-07-2025,Basic,41,1,FALSE
93,Nickey,Escoffier,nescoffier2k@discuz.net,01-11-2024,21-07-2025,Basic,177,3,FALSE
134,Lek,D'Aulby,ldaulby3p@yahoo.co.jp,22-12-2024,21-07-2025,Basic,54,8,FALSE
201,Marje,Chretien,mchretien5k@mashable.com,24-10-2024,21-07-2025,Free,144,4,TRUE
966,Emelyne,Bruck,ebruckqt@examiner.com,28-10-2024,21-07-2025,Premium,255,10,FALSE
930,Yardley,Simmings,ysimmingspt@dagondesign.com,23-06-2025,22-07-2025,Premium,311,2,TRUE
758,Timotheus,Gaddesby,tgaddesbyl1@bluehost.com,09-11-2024,01-08-2025,Basic,42,1,TRUE
765,Ode,Kalderon,okalderonl8@msu.edu,04-05-2025,01-08-2025,Basic,117,4,FALSE
14,Paige,Hartwright,phartwrightd@tripod.com,25-01-2025,02-08-2025,Premium,191,3,TRUE
204,Milly,Storch,mstorch5n@cnet.com,05-01-2025,03-08-2025,Free,343,1,FALSE
604,Betsy,Gouldthorpe,bgouldthorpegr@ft.com,11-10-2024,03-08-2025,Free,215,2,FALSE
851,Lusa,Cathersides,lcathersidesnm@constantcontact.com,06-03-2025,03-08-2025,Premium,316,4,FALSE
26,Jordain,Sparkwell,jsparkwellp@biglobe.ne.jp,19-10-2024,04-08-2025,Premium,208,5,TRUE
109,Kaleb,Reek,kreek30@moonfruit.com,28-03-2025,06-08-2025,Premium,307,9,TRUE
458,Arleta,Chatto,achattocp@state.gov,18-07-2025,06-08-2025,Free,317,8,TRUE
790,Levon,Kenrat,lkenratlx@marriott.com,23-11-2024,06-08-2025,Basic,370,8,TRUE
294,Samuele,Rubi,srubi85@theguardian.com,27-01-2025,07-08-2025,Basic,246,4,TRUE
693,Deina,Sharphouse,dsharphousej8@shinystat.com,09-09-2024,07-08-2025,Free,471,9,TRUE
676,Goraud,Valenta,gvalentair@paypal.com,21-12-2024,01-09-2025,Free,134,9,FALSE
630,Ginni,Storton,gstortonhh@geocities.com,07-01-2025,02-09-2025,Free,177,3,TRUE
697,Payton,Giraldez,pgiraldezjc@altervista.org,15-01-2025,02-09-2025,Premium,184,5,FALSE
61,Germain,Bousquet,gbousquet1o@jigsy.com,13-08-2024,03-09-2025,Premium,181,10,FALSE
417,Christian,Hiorn,chiornbk@whitehouse.gov,05-07-2025,03-09-2025,Free,459,0,FALSE
714,Abbe,Hudghton,ahudghtonjt@ft.com,05-03-2025,03-09-2025,Free,61,0,TRUE
57,Myrtia,Godspede,mgodspede1k@aol.com,27-01-2025,04-09-2025,Free,110,7,FALSE
148,Afton,Averay,aaveray43@mail.ru,17-01-2025,04-09-2025,Basic,99,3,FALSE
332,Clifford,Kellogg,ckellogg97@eepurl.com,16-03-2025,04-09-2025,Basic,102,4,FALSE
290,Wolfie,Saffon,wsaffon81@amazon.de,28-09-2024,05-09-2025,Basic,30,4,TRUE
895,Dwight,Koppke,dkoppkeou@jiathis.com,26-11-2024,05-09-2025,Basic,265,2,TRUE
418,Dorice,Chivers,dchiversbl@home.pl,24-07-2024,06-09-2025,Free,477,7,TRUE
474,Gratiana,Ogles,goglesd5@imdb.com,13-05-2025,06-09-2025,Premium,21,0,FALSE
751,Costa,Becerra,cbecerraku@arizona.edu,26-07-2024,06-09-2025,Premium,51,5,TRUE
914,Bayard,Reinbach,breinbachpd@studiopress.com,07-10-2024,2024-02-30,Free,396,7,FALSE
955,Elane,Buzin,ebuzinqi@newsvine.com,06-11-2024,2024-02-30,Premium,434,6,TRUE
8,Dewey,Bagenal,dbagenal7@nydailynews.com,06-01-2025,2024-02-31,Basic,460,6,TRUE
89,Ilysa,Egle,iegle2g@scribd.com,08-07-2025,2024-02-31,Basic,301,7,TRUE
622,Marj,Krammer,mkrammerh9@ucsd.edu,05-11-2024,2024-02-31,Premium,426,4,FALSE
972,Broddie,Tother,btotherqz@usa.gov,23-05-2025,2024-02-31,Free,59,7,FALSE
